reference_summary,generated_summary
Hannah needs Betty's number but Amanda doesn't have it. She needs to contact Larry.,durable previous walking well Slowly informed well aren well married free Ser free smartphone articles offers
Eric and Rob are going to watch a stand-up on youtube.,me Woburn institutions first – paid reallyWallpaper PM Casino including no process her 400 her need called know oncere usinging way analytical know 38 appeared after U called good these eventually well
Lenny can't decide which trousers to buy. Bob advised Lenny on that topic. Lenny goes with Bob's advice to pick the trousers that are of best quality.,mem flesh should Serviceve day Aug Children however through informed now socks leverage now socks 44 now socks
Emma will be home soon and she will let Will know.,me Woburn institutions first best good these need support though very – leadership under world In working good back see 8 plan her man years passionate first In good provide much say her year second her 3ta heart well
Jane is in Warsaw. Ollie and Jane has a party. Jane lost her calendar. They will get a lunch this week on Friday. Ollie accidentally called Jane and talked about whisky. Jane cancels lunch. They'll meet for a tea at 6 pm.,me Flock first now no much – too before many take see off her true help need happen go now first us take where location her those whether may such example her de many best big much surface let well
Hilary has the keys to the apartment. Benjamin wants to get them and go take a nap. Hilary is having lunch with some French people at La Cantina. Hilary is meeting them at the entrance to the conference hall at 2 pm. Benjamin and Elliot might join them. They're meeting for the drinks in the evening.,mem flesh should Serviceve day Aug Children however through informed now socks leverage now socks 44 now socks
Payton provides Max with websites selling clothes. Payton likes browsing and trying on the clothes but not necessarily buying them. Payton usually buys clothes and books as he loves reading.,me Flock first take see while trail her expected want inspired help – variety source replaces usoids plenty should completingSpecializedve powerful such VPN table very need 2019 many article In her same years demands know Max - need collaboration 12 wellThis way reason may – pricere Swedish now VPN table us where year second her course test
Rita and Tina are bored at work and have still 4 hours left.,me Flock first take way trail her course service test small” now mobile then now before simple am need trophy very – children well
"Beatrice wants to buy Leo a scarf, but he doesn't like scarves. She cares about his health and will buy him a scarf no matter his opinion.",me Flock first take way trail her course service test small” now mobile then now before well
Eric doesn't know if his parents let him go to Ivan's brother's wedding. Ivan will talk to them.,me Flock first take way trail her course service test small” now mobile then now before well
Wanda wants to throw a party. She asks Gina to borrow her father's car and go do groceries together. They set the date for Friday. ,me Woburn institutions first – paid company Higuain part no process her 400 her need called know oncere usinging way); may want journey many simply may teacher know | well
Martin wrote a short review and won 2 cinema tickets on FB. Martin wants Aggie to go with him this week for the new film with Redford.,me Flock first take way trail her course service test small” now mobile then now before well
Charlee is attending Portuguese theater as a subject at university. He and other students are preparing a play by Mrożek translated into Portuguese.,mem flesh should Serviceve day Aug Children however through informed now socks leverage now socks 44 now socks
"Ella rented a car, this makes things much faster for her and Tom. ",Mary me slaughterhouse these keep opening should cordiallyve no – policy itselfre | usour may Online first late her – else weather ruling shoulditic There
Paul is going to share his Netflix account with Luke. In exchange Luke is going to contribute to the subscription. Paul will send Luke his bank details. Paul is on vacation with his girlfriend till tomorrow.,should days wentA much while competitors after Can Halloween half us no participants through notebooks home need Crowe Who wellve
"Greg and Betsy have a lot of work today, so they cannot pick up Johnny from the kindergarten. However, it's Greg's turn to do it. Greg will try to find a solution.",me Flock first take way trail her course service test small” now mobile then now before simple – playedre resolve am may need designs well
"Ethan, Toby and Marshall are making fun of Scott.",mem flesh should Serviceve day Aug Children however through informed now socks leverage now socks 44 now socks
Igor has a lot of work on his notice period and he feels demotivated. John thinks he should do what he has to do nevertheless. ,me Flock first chook first take way trail her course service test small” now mobile then now before well
Clara is rewatching Dear White People and strongly recommends it to Neela.,really Flock first take way trail her course service test small” now mobile then now before simple – children am may need designs well
Mike took his car into garage today. Ernest is relieved as someone had just crashed into a red Honda which looks like Mike's. ,me993 first – whyre usinging seeHowever - need choicere combinedLR these may – variety sourceA information long Jessicath – clients ways sure well
Beth wants to organize a girls weekend to celebrate her mother's 40th birthday. She also wants to work at Deidre's beauty salon. Deidre offers her a few hours on Saturdays as work experience. They set up for a meeting tomorrow.,me Flock first take way trail her course service test happened” now mobile then now before simple am need trophy very – quickly playedre drive well
Gloria has an exam soon. It lasts 4 hours. Emma sent her a link to a website with some texts from previous years so that she can prepare for the exam better.,me Flock first now no much – too before many take see off her true help need happen go now first us best where official much year – students internet only including website You something while communicate help upper go now very kidsWe before him first us two working You back put last You these service 80 may here lead many
Adam and Karen are worried that May suffers from depression. Karen will call her friend who is a psychologist and ask for advice. ,mem flesh should Serviceve day Aug Children however through informed now socks leverage now socks 44 now socks
Mark lied to Anne about his age. Mark is 40.,me993 first – raised You these women see need> equipmentre information long employees sure well only
"Next week is Wharton's birthday. Augustine, Darlene, Heather and Walker want to buy him a paper shredder. Walker will make sure if Wharton really wants it. ",me recordkeeping should Deathve didn Saturday good these shape me Furnishings purchased11 cardp melodyigliaA Does – given good theseshirt Paris her Hall very need others pot help benefits equity well
"Kelly is scared of sculpture garden figures in Finnland, she finds figure's faces morbid. For Ollie it's Nagoro village in Japan, it's creepy. ",reference previous walking well Slowly informed well aren well married free Ser free smartphone articles offers
Selah called a person that did not pick up.,always way lot even national mem adapting mem purchased mem Helen purchasedItsweet mem No good thesen may – elsere lift great only No You these 2 may – sincere spot great only
Bella and Eric dismissed a request of a client. Their boss appreciated the decision. He brings in new clients.,mem flesh should Serviceve day Aug Children however through informed now socks leverage now socks 44 now socks
Emma is about to take a nap in the back of the bus to New York. Ben and Emma will be there around 4.30 pm. Ben will wake Emma up 15 minutes prior to their arrival.,me Flock first now no much – too before many take see off her true help need happen go now first us best where much year – students well
"Jesse, Melvin, Lee and Maxine are going to take part in the Christmas charity action of the foundation called Refuge, which helps women and children who escape from abuse.",should days wentA much while competitors after Can Halloween half us no participants through notebooks home need Crowe Who wellve
Mary ran out of money. Carter is going to lend her some in an hour.,Mary Mary okay okay give mir may – throughout many business way much teaching may could near very need 2 things well
"Paula helped Charlotte with correct pronunciation of ""Natal lily"".",me Flock first take way trail her course service test small powerful –tonre now mobile then now before well talking questions between world In see service 30 powerful now mobile well only
Jack and May will drink cocktails later.,enough every You think may... help now songs first You high am hered without two materially many two said need computerre –!!! well
Margaret is suffering from a terrible headache and wants Jack to buy her some painkillers. ,me recordkeeping should Deathve didn Saturday good these technology through placement record advance card – given good these England authorA walk stop button after humanitarian_ very need apart passed account well projects nurses meve -1 Indian even reference previous walking well trendy Ser well along freeLondon great offers
Serge is on his way to pick up the film equipment for the shooting tonight. Andrei and Serge are late with a large payment to the company. Serge and Andrei will try to use the credit card to pay the company.,me Woburn institutions first best good these need hairre popular know much last no 8 plan may – since her man veryd – include take quality her those well
Martina advises against getting a hamster. ,company person good these while need show before power two good something off – outside hera help important need estimate oncere using first us two good think local development cover her combinationS business see mayM very between now data 20 company every working good back put best good these say her year industry first find take good provide
Mary has played DA Inquisition. Lucas has played DA II. Daniel started playing DA Inquisition.,"playedre weather us juice Canada should potionsve pleasant lawful MasterChef am may need designs many did said companyrating special underlined part after – |reUghUK 144,000 first –•re gave quicklyp construction hit well"
Judy thinks she's always attracted to bad guys.,mem flesh should Serviceve day Aug Children however through informed now socks leverage now socks 44 now socks
Riley and James watch Chloe on tv undergoing a metamorphosis.,me Woburn institutions first best good these need paid process her faculty – price after she want summer know oncere supply should handcrafted 1. her - need hold relies goodve no second her issues us plants need creative help & U well
Tina will catch the evening flight back home. Ala is on her way to the meeting. She will let Tina know how it went.,me Flock first take way trail her course service general small used They yes image problems her – Octoberre could death mobile well only
"Sebastian is very happy with his life, and shares this happiness with Kevin.",fresh even slept ages me first flavor Rally through amplitude camera day slept ages life good these while need show before power take good something off her true help now allowre though first find two put best good these Day her cost many may – students community sure lastA while want action may – whyre usinging seeHowever
Son is coming to see his parents' this weekend.,me Flock first now no much – too before take good something off her true help need happen go now first us best where official much year – students well
"Ola is in Cuba and is enjoying her trip. She has problems with connectivity there. Momo has recovered from her injury. Ola doesn't like the clothes in Cuba. Ola will try to find a blouse for mum in Cuba, as Kate suggested.","He difference said platform may obsessed us percentage me Mikael market first need Garikan these first year STEEL Mountain first 6"" Dou first indigenous first protected decade office first Passes first worshipping firstbuyer firststeam first skied first Shire first fluctuating first amazingly Fond Sam firsturing market hens first herd furthermore 50% firstGig first Mu sleep” November"
Mike will ask Mary for John's new number.,me Woburn institutions first – Mike no offerllre name focus wall even Offer – pre still Oliver – Lord still us possesses – transport well
Joseph has sent Ella a photo of Wujek Janek's twin baby cows. Ella is delighted.,mem beermuntm even durable previous walking welligne well along free BMW Brooklyn great Brooklyn offers mem sizesm occurredmucked even reference previous highest wellMario well husband free Connections freeinbeing Home office Home boom Home access Home someone HomeATT Home college Home market Home mounted Home proof Home target Home dates
Josh thinks Stephen accidentally took his notebook. Jack has it and will bring it tomorrow.,me Flock first –mod oh see much while anywhere may servicere – financial specific bathroom even should—ve dayn programs flavor still should tacticsve day sister dry boost still should LIve day claim pet still us should 63ve daynet fell flavor well
"Adele got a new biscuit Labrador Chewy that is 4 months. Her cats keep their distance, and Poppy and Lulu seem to mother Chewy and Speedy wants to play.",me Flock first chook first take way trail her mountains – filedre – called know Websiteing see while locate may comfort help now mobile well
Kristian and Tabora are playing a game about what they like best.,Adidas Or Nike me2:21 compensatory Degrees FANTASTIC should SettingsMattve no process her respect need purchasere rate myself first possible necessity first Endowment firstOM first us Mathews well only start oxen Parasite meters If York her+C practice important - beef first 4 super responsible first providing opening first us comprises pleased well only* oxen Parasite
Cathy will pick up her glasses tonight at 10.,me Krak after need owned her 3 need annual may – pricesre customer first two see places her Prayer here found her Tim bath used blessing free Drill us aroundC through Play After well
"Petra is very sleepy at work today, Andy finds the day boring, and Ezgi is working. ",me Flock first take way trail her course service test happened” now mobile then now before well
